authors,title,journal,volume,page,year,publication_type,issn,doi,handle,arxiv,biorxiv,tags
"Gilardoni, Bussi",Bayesian Sampling of Structural Ensembles: The Role of Ensemble-Counting Measures,,,,,preprint,,,,2606.18495,,#preprint
"Lin, Dasgupta, Yang, Malosso, Sormani, Egan, Bussi, Hassanali, Cremer",Beyond the Virial Expansion: Microscopic Origins of Partial Molar Volumes in LiCl Solutions,,,,,preprint,,,,2604.19622,,#preprint
"Colizzi, Blázquez-Sánchez, Bussi, André, Ballabio, Bayer, Bertocchini, Butenschön, Carosati, Piero, Pede-Mattatelli, Faggian, Favaro, Fernandes, Ferretti, Fojan, Gagsteiger, García-Ruiz, Gardossi, Giorgino, Graefe, Gunkel, Jiménez, Keller, Künze, Lim, Lippens, Maria-Solano, Mitusińska, Moliner, Molla, Myburgh, Panel, Ramírez-Sarmiento, Rocher, Strodel, Ruiz, Turak, Varrone, Vezzini, Westh, Zimmermann",Computations Meet Experiments to Advance the Enzymatic Depolymerization of Plastics One Atom at a Time,,,,,preprint,,,,2507.14413,,#preprint
"Languin-Cattoën, Posani, Bussi",Enhanced sampling and cryo-EM data resolve magnesium binding to RNA,,,,,preprint,,,,2607.07186,,#preprint
"Sacco, Li, Smyth, Sanguinetti, Bussi",MERGE-RNA: a physics-based model to predict RNA secondary structure ensembles with chemical probing,,,,,preprint,,,,2512.20581,,#preprint
"Palmer, Chauvier, Silva, Ontiveros, Bussi, Walter, Mishanina",pH-dependent allosteric remodeling of a bacterial riboswitch couples alkaline activation to metal sensing,,,,,preprint,,,,,10.64898/2026.02.18.706685,#preprint
"Mlynsky, Kuhrova, Bussi, Otyepka, Sponer, Banas",From gHBfix to NBfix: Reweighting-Driven Refinement of Hydrogen-Bond Interactions in RNA Force Fields,JOURNAL OF CHEMICAL THEORY AND COMPUTATION,,1,2026,journal article,1549-9618,10.1021/acs.jctc.6c00924,20.500.11767/152550,,10.64898/2026.03.20.713292,#pnrr2022
"Zhang, Dolcetti, Tyrchan, De Maria, Bussi, Czechtizky",Exploring Secondary Structure Predictions for RNA-Targeted Drug Discovery: Power and Challenges,JOURNAL OF CHEMICAL INFORMATION AND MODELING,66,4215,2026,journal article,1549-9596,10.1021/acs.jcim.6c00108,20.500.11767/150150,,,
"Languin-Cattoën, Bussi",RNA Dynamics and Interactions Revealed Through Atomistic Simulations,ANNUAL REVIEW OF PHYSICAL CHEMISTRY,77,489,2026,review,0066-426X,10.1146/annurev-physchem-082624-013453,20.500.11767/150010,2507.08474,,#review #msca2023
"Rapetti, Bonomi, Camilloni, Bussi, Tribello",Making PLUMED Fly: A Tutorial on Optimizing Performance,JOURNAL OF PHYSICAL CHEMISTRY B,130,2504,2026,journal article,1520-6106,10.1021/acs.jpcb.5c07562,20.500.11767/149990,2511.02699,,#pnrr2022
"Sacco, Bussi, Sanguinetti",Machine learning for RNA secondary structure prediction: a review of current methods and challenges,RNA,32,443,2026,review,1355-8382,10.1261/rna.080840.125,20.500.11767/149890,2511.02622,,#review
"Kretsch, Posani, Baulin, Bujnicki, Bussi, Cheatham, Chen, Elofsson, Farsani, Fisher, Gromiha, Gupta, Hamada, Harini, Hu, Huang, Iwakiri, Jain, Kagaya, Kihara, Kmiecik, Krishnan, Kurisaki, Languin‐Cattoen, Li, Li, Malekzadeh, Nakamura, Ni, Nithin, Palo, Park, Pilla, Poblete, Pucci, Punuru, Saha, Sato, Srivastava, Terashi, Tugolukova, Verburgt, Wuyun, Zerze, Zhang, Zhang, Zheng, Zhou, Chiu, Case, Das",Blind Prediction of Complex Water and Ion Ensembles Around RNA in CASP16,PROTEINS-STRUCTURE FUNCTION AND BIOINFORMATICS,94,381,2026,journal article,0887-3585,10.1002/prot.70079,20.500.11767/149190,,10.1101/2025.11.03.685595,#prin2022 #pnrr2022 #msca2023 #eurohpc2024
"Müller-Hermes, Piomponi, Hilber, Asami, Kreutz, Bussi, Sattler",Unique conformational dynamics and protein recognition of A-to-I hyper-edited dsRNA,NUCLEIC ACIDS RESEARCH,53,gkaf550,2025,journal article,0305-1048,10.1093/nar/gkaf550,20.500.11767/146750,,,#pnrr2022
"Mizrahi, Corley, Feldman, Fröhlking, Sun, Ziesel, Antczak, Bernetti, Elhajjajy, Huang, Nguyen, Park, Perez Martell, Trinity, Xu, Zok, Bussi, Jabbari, Orenstein, Aviran, Meyer, Yeo",Evaluation of novel computational methods to identify RNA-binding protein footprints from structural data,RNA,31,1103,2025,journal article,1355-8382,10.1261/rna.080215.124,20.500.11767/146310,,,
"Posani, Janoš, Haack, Toor, Bonomi, Magistrato, Bussi",Ensemble refinement of mismodeled cryo-EM RNA structures using all-atom simulations,NATURE COMMUNICATIONS,16,4549,2025,journal article,2041-1723,10.1038/s41467-025-59769-0,20.500.11767/146190,,10.1101/2024.07.24.604258,#prin2022 #pnrr2022 #eurohpc2024
"Gilardoni, Piomponi, Fröhlking, Bussi",MDRefine: A Python package for refining molecular dynamics trajectories with experimental data,JOURNAL OF CHEMICAL PHYSICS,162,192501,2025,journal article,0021-9606,10.1063/5.0256841,20.500.11767/146150,2411.07798,,#pnrr2022
"Boccalini, Berezovska, Bussi, Paloni, Barducci",Exploring RNA destabilization mechanisms in biomolecular condensates through atomistic simulations,PROCEEDINGS OF THE NATIONAL ACADEMY OF SCIENCES OF THE UNITED STATES OF AMERICA,122,e2425261122,2025,journal article,0027-8424,10.1073/pnas.2425261122,20.500.11767/145890,,10.1101/2024.09.13.612876,#pnrr2022
"Amaro, Åqvist, Bahar, Battistini, Bellaiche, Beltran, Biggin, Bonomi, Bowman, Bryce, Bussi, Carloni, Case, Cavalli, Chang, Cheatham, Cheung, Chipot, Chong, Choudhary, Cisneros, Clementi, Collepardo-Guevara, Coveney, Covino, Crawford, Dal Peraro, de Groot, Delemotte, De Vivo, Essex, Fraternali, Gao, Gelpí, Gervasio, González-Nilo, Grubmüller, Guenza, Guzman, Harris, Head-Gordon, Hernandez, Hospital, Huang, Huang, Hummer, Iglesias-Fernández, Jensen, Jha, Jiao, Jorgensen, Kamerlin, Khalid, Laughton, Levitt, Limongelli, Lindahl, Lindorff-Larsen, Loverde, Lundborg, Luo, Luque, Lynch, MacKerell, Magistrato, Marrink, Martin, McCammon, Merz, Moliner, Mulholland, Murad, Naganathan, Nangia, Noe, Noy, Oláh, O'Mara, Ondrechen, Onuchic, Onufriev, Osuna, Palermo, Panchenko, Pantano, Parish, Parrinello, Perez, Perez-Acle, Perilla, Pettitt, Pietropaolo, Piquemal, Poma, Praprotnik, Ramos, Ren, Reuter, Roitberg, Rosta, Rovira, Roux, Rothlisberger, Sanbonmatsu, Schlick, Shaytan, Simmerling, Smith, Sugita, Świderek, Taiji, Tao, Tieleman, Tikhonova, Tirado-Rives, Tuñón, van der Kamp, van der Spoel, Velankar, Voth, Wade, Warshel, Welborn, Wetmore, Wheeler, Wong, Yang, Zacharias, Orozco",The need to implement FAIR principles in biomolecular simulations,NATURE METHODS,22,641,2025,journal article,1548-7091,10.1038/s41592-025-02635-0,20.500.11767/145810,2407.16584,,
"Silva, Bussi",Characterizing RNA Oligomers Using Stochastic Titration Constant-pH Metadynamics Simulations,JOURNAL OF CHEMICAL INFORMATION AND MODELING,65,3568,2025,journal article,1549-9596,10.1021/acs.jcim.4c02185,20.500.11767/145710,2410.16064,,#pnrr2022 #embo2022
"Di Marco, Aupič, Bussi, Magistrato",All-Atom Simulations Elucidate the Molecular Mechanism Underlying RNA-Membrane Interactions,NANO LETTERS,25,4628,2025,journal article,1530-6984,10.1021/acs.nanolett.5c01254,20.500.11767/145610,,10.1101/2024.11.01.618995,#pnrr2022
"Tribello, Bonomi, Bussi, Camilloni, Armstrong, Arsiccio, Aureli, Ballabio, Bernetti, Bonati, Brookes, Brotzakis, Capelli, Ceriotti, Chan, Cossio, Dasetty, Donadio, Ensing, Ferguson, Fraux, Gale, Gervasio, Giorgino, Herringer, Hocky, Hoff, Invernizzi, Languin-Cattoën, Leone, Limongelli, Lopez-Acevedo, Marinelli, Febrer Martinez, Masetti, Mehdi, Michaelides, Murtada, Parrinello, Piaggi, Pietropaolo, Pietrucci, Pipolo, Pritchard, Raiteri, Raniolo, Rapetti, Rizzi, Rydzewski, Salvalaglio, Schran, Seal, Shayesteh Zadeh, Silva, Spiwok, Stirnemann, Sucerquia, Tiwary, Valsson, Vendruscolo, Voth, White, Wu","PLUMED Tutorials: A collaborative, community-driven learning ecosystem",JOURNAL OF CHEMICAL PHYSICS,162,092501,2025,journal article,0021-9606,10.1063/5.0251501,20.500.11767/145470,2412.03595,,#prin2022 #pnrr2022 #embo2022
"Janeček, Kührová, Mlýnský, Stadlbauer, Otyepka, Bussi, Šponer, Banáš",Computer Folding of Parallel DNA G-Quadruplex: Hitchhiker's Guide to the Conformational Space,JOURNAL OF COMPUTATIONAL CHEMISTRY,46,e27535,2025,journal article,0192-8651,10.1002/jcc.27535,20.500.11767/144070,,,
Gilardoni,Development and application of methods to integrate molecular simulations with experimental measurements,PHD THESIS,,,2025,PhD thesis,,,20.500.11767/148092,,,
Posani,Ensemble Refinement of Cryo-Electron Microscopy-Derived RNA Structures Using Molecular Dynamics Simulations,PHD THESIS,,,2025,PhD thesis,,,20.500.11767/148091,,,
"Piomponi, Krepl, Sponer, Bussi",Molecular Simulations to Investigate the Impact of N6-Methylation in RNA Recognition: Improving Accuracy and Precision of Binding Free Energy Prediction,JOURNAL OF PHYSICAL CHEMISTRY B,128,8896,2024,journal article,1520-6106,10.1021/acs.jpcb.4c03397,20.500.11767/140611,2404.14821,,
"Bussi, Bonomi, Gkeka, Sattler, Al-Hashimi, Auffinger, Duca, Foricher, Incarnato, Jones, Kirmizialtin, Krepl, Orozco, Palermo, Pasquali, Salmon, Schwalbe, Westhof, Zacharias",RNA dynamics from experimental and computational approaches,STRUCTURE,32,1281,2024,review,0969-2126,10.1016/j.str.2024.07.019,20.500.11767/140610,2404.02789,,#review
"Mykuliak, Rahikainen, Ball, Bussi, Goult, Hytönen",Molecular dynamics simulations reveal how vinculin refolds partially unfolded talin rod helices to stabilize them against mechanical force,PLOS COMPUTATIONAL BIOLOGY,20,e1012341,2024,journal article,1553-734X,10.1371/journal.pcbi.1012341,20.500.11767/140551,,,
"Thiel, Bussi, Poblete, Hofacker","Sampling globally and locally correct RNA 3D structures using Ernwin, SPQR and experimental SAXS data",NUCLEIC ACIDS RESEARCH,52,e73,2024,journal article,0305-1048,10.1093/nar/gkae602,20.500.11767/140550,,10.1101/2022.07.02.498583,
"Pokorná, Mlýnský, Bussi, Šponer, Stadlbauer",Molecular dynamics simulations reveal the parallel stranded d(GGGA)3GGG DNA quadruplex folds via multiple paths from a coil-like ensemble,INTERNATIONAL JOURNAL OF BIOLOGICAL MACROMOLECULES,261,129712,2024,journal article,0141-8130,10.1016/j.ijbiomac.2024.129712,20.500.11767/137290,,10.1101/2023.09.09.556957,
"Gilardoni, Fröhlking, Bussi",Boosting Ensemble Refinement with Transferable Force-Field Corrections: Synergistic Optimization for Molecular Simulations,JOURNAL OF PHYSICAL CHEMISTRY LETTERS,15,1204,2024,journal article,1948-7185,10.1021/acs.jpclett.3c03423,20.500.11767/136390,2311.13532,,
"Piomponi, Bernetti, Bussi",Molecular Dynamics Simulations of Chemically Modified Ribonucleotides,RNA Structure and Function. RNA Technologies,14,595,2023,book chapter,,10.1007/978-3-031-36390-0_26,20.500.11767/134910,2211.13657,,#bookchapter
"Calonaci, Bernetti, Jones, Sattler, Bussi",Molecular Dynamics Simulations with Grand-Canonical Reweighting Suggest Cooperativity Effects in RNA Structure Probing Experiments,JOURNAL OF CHEMICAL THEORY AND COMPUTATION,19,3672,2023,journal article,1549-9618,10.1021/acs.jctc.3c00084,20.500.11767/132690,2209.12640,,
"Fröhlking, Bernetti, Bussi",Simultaneous refinement of molecular dynamics ensembles and forward models using experimental data,JOURNAL OF CHEMICAL PHYSICS,158,214120,2023,journal article,0021-9606,10.1063/5.0151163,20.500.11767/132590,2303.09372,,
"Zhang, Šponer, Bussi, Mlýnský, Šulc, Simmons, Stephanopoulos, Krepl",Atomistic Picture of Opening-Closing Dynamics of DNA Holliday Junction Obtained by Molecular Simulations,JOURNAL OF CHEMICAL INFORMATION AND MODELING,63,2794,2023,journal article,1549-9596,10.1021/acs.jcim.3c00358,20.500.11767/131910,,,
"Hsu, Piomponi, Merz, Bussi, Shirts",Alchemical Metadynamics: Adding Alchemical Variables to Metadynamics to Enhance Sampling in Free Energy Calculations,JOURNAL OF CHEMICAL THEORY AND COMPUTATION,19,1805,2023,journal article,1549-9618,10.1021/acs.jctc.2c01258,20.500.11767/131150,2206.01329,,
"Bernetti, Bussi",Integrating experimental data with molecular simulations to investigate RNA structural dynamics,CURRENT OPINION IN STRUCTURAL BIOLOGY,78,102503,2023,review,0959-440X,10.1016/j.sbi.2022.102503,20.500.11767/130351,2207.08622,,#review
Piomponi,Molecular simulations to investigate the impact of post-transcriptional modifications on RNA structural dynamics,PHD THESIS,,,2023,PhD thesis,,,20.500.11767/134590,,,
"Dutta, Tapio, Suma, Mostafa, Kanehira, Carnevale, Bussi, Bald",Molecular states and spin crossover of hemin studied by DNA origami enabled single-molecule surface-enhanced Raman scattering,NANOSCALE,14,16467,2022,journal article,2040-3364,10.1039/d2nr03664a,20.500.11767/130112,,,
"Grothaus, Bussi, Colombi Ciacchi","Exploration, Representation, and Rationalization of the Conformational Phase Space of N-Glycans",JOURNAL OF CHEMICAL INFORMATION AND MODELING,62,4992,2022,journal article,1549-9596,10.1021/acs.jcim.2c01049,20.500.11767/130111,,10.1101/2022.06.17.496605,
"Rolband, Beasock, Wang, Shu, Dinman, Schlick, Zhou, Kieft, Chen, Bussi, Oukhaled, Gao, Šulc, Binzel, Bhullar, Liang, Guo, Afonin","Biomotors, viral assembly, and RNA nanobiotechnology: Current achievements and future directions",COMPUTATIONAL AND STRUCTURAL BIOTECHNOLOGY JOURNAL,20,6120,2022,review,2001-0370,10.1016/j.csbj.2022.11.007,20.500.11767/130110,,,#review
"Piomponi, Fröhlking, Bernetti, Bussi",Molecular Simulations Matching Denaturation Experiments for N6-Methyladenosine,ACS CENTRAL SCIENCE,8,1218,2022,journal article,2374-7951,10.1021/acscentsci.2c00565,20.500.11767/129310,2203.14886,,
"Fröhlking, Mlýnský, Janeček, Kührová, Krepl, Banáš, Šponer, Bussi",Automatic Learning of Hydrogen-Bond Fixes in the AMBER RNA Force Field,JOURNAL OF CHEMICAL THEORY AND COMPUTATION,18,4490,2022,journal article,1549-9618,10.1021/acs.jctc.2c00200,20.500.11767/129230,2201.04078,,
"Mlýnský, Janeček, Kührová, Fröhlking, Otyepka, Bussi, Banáš, Šponer",Toward Convergence in Folding Simulations of RNA Tetraloops: Comparison of Enhanced Sampling Techniques and Effects of Force Field Modifications,JOURNAL OF CHEMICAL THEORY AND COMPUTATION,18,2642,2022,journal article,1549-9618,10.1021/acs.jctc.1c01222,20.500.11767/128029,,10.1101/2021.11.30.470631,
"Del Tatto, Raiteri, Bernetti, Bussi",Molecular Dynamics of Solids at Constant Pressure and Stress Using Anisotropic Stochastic Cell Rescaling,APPLIED SCIENCES-BASEL,12,1139,2022,journal article,2076-3417,10.3390/app12031139,20.500.11767/126131,,,
Froehlking,Machine learning RNA force fields from experimental data,PHD THESIS,,,2022,PhD thesis,,,20.500.11767/129750,,,
"Bernetti, Bussi",Comparing state-of-the-art approaches to back-calculate SAXS spectra from atomistic molecular dynamics simulations,EUROPEAN PHYSICAL JOURNAL B,94,180,2021,journal article,1434-6028,10.1140/epjb/s10051-021-00186-9,20.500.11767/126129,,,
"Bernetti, Hall, Bussi",Reweighting of molecular simulations with explicit-solvent SAXS restraints elucidates ion-dependent RNA ensembles,NUCLEIC ACIDS RESEARCH,49,e84,2021,journal article,0305-1048,10.1093/nar/gkab459,20.500.11767/123473,2103.04964,,
"Paloni, Bussi, Barducci",Arginine multivalency stabilizes protein/RNA condensates,PROTEIN SCIENCE,30,1418,2021,journal article,0961-8368,10.1002/pro.4109,20.500.11767/123470,,10.1101/2021.04.22.440959,
"Bottaro, Bussi, Lindorff-Larsen",Conformational Ensembles of Noncoding Elements in the SARS-CoV-2 Genome from Molecular Dynamics Simulations,JOURNAL OF THE AMERICAN CHEMICAL SOCIETY,143,8333,2021,journal article,0002-7863,10.1021/jacs.1c01094,20.500.11767/123468,,10.1101/2020.12.11.421784,
"Suma, Coronel, Bussi, Micheletti",Directional translocation resistance of Zika xrRNA,NATURE COMMUNICATIONS,11,3749,2020,journal article,2041-1723,10.1038/s41467-020-17508-7,20.500.11767/116391,,10.1101/2020.06.17.157297,
"Calonaci, Jones, Cuturello, Sattler, Bussi",Machine learning a model for RNA structure prediction,NAR GENOMICS AND BIOINFORMATICS,2,lqaa090,2020,journal article,2631-9268,10.1093/nargab/lqaa090,20.500.11767/115849,2004.00351,,
"Bernetti, Bussi",Pressure control using stochastic cell rescaling,JOURNAL OF CHEMICAL PHYSICS,153,114107,2020,journal article,0021-9606,10.1063/5.0020514,20.500.11767/114289,2006.09250,,
"Fröhlking, Bernetti, Calonaci, Bussi",Toward empirical force fields that match experimental observables,JOURNAL OF CHEMICAL PHYSICS,152,230902,2020,journal article,0021-9606,10.1063/5.0011346,20.500.11767/112969,2004.01630,,
"Mlynsky, Kührová, Kühr, Otyepka, Bussi, Banáš, Šponer",Fine-tuning of the AMBER RNA force field with a new term adjusting interactions of terminal nucleotides,JOURNAL OF CHEMICAL THEORY AND COMPUTATION,16,3936,2020,journal article,1549-9618,10.1021/acs.jctc.0c00228,20.500.11767/112577,,10.1101/2020.03.08.982538,
"Cuturello, Tiana, Bussi",Assessing the accuracy of direct-coupling analysis for RNA contact prediction,RNA,26,637,2020,journal article,1355-8382,10.1261/rna.074179.119,20.500.11767/110422,1812.07630,,
"Bussi, Laio, Tiwary",Metadynamics: A Unified Framework for Accelerating Rare Events and Sampling Thermodynamics and Kinetics,Handbook of Materials Modeling,,565,2020,book chapter,,10.1007/978-3-319-44677-6_49,20.500.11767/110357,,,#bookchapter
"Bussi, Laio",Using metadynamics to explore complex free-energy landscapes,NATURE REVIEWS PHYSICS,2,200,2020,review,2522-5820,10.1038/s42254-020-0153-0,20.500.11767/110289,,,#review
"Reißer, Zucchelli, Gustincich, Bussi",Conformational ensembles of an RNA hairpin using molecular dynamics and sparse NMR data,NUCLEIC ACIDS RESEARCH,48,1164,2020,journal article,0305-1048,10.1093/nar/gkz1184,20.500.11767/108474,,,#erc2012
Calonaci,Computational investigations of structure probing experiments for RNA structure prediction,PHD THESIS,,,2020,PhD thesis,,,20.500.11767/116273,,,
"Colizzi, Perez-Gonzalez, Fritzen, Levy, White, Carlos Penedo, Bussi",Asymmetric base-pair opening drives helicase unwinding dynamics,PROCEEDINGS OF THE NATIONAL ACADEMY OF SCIENCES OF THE UNITED STATES OF AMERICA,116,22471,2019,journal article,0027-8424,10.1073/pnas.1901086116,20.500.11767/104314,,,#erc2012
"Bussi, Tribello",Analyzing and Biasing Simulations with PLUMED,BIOMOLECULAR SIMULATIONS: METHODS AND PROTOCOLS,2022,529,2019,book chapter,,10.1007/978-1-4939-9608-7_21,20.500.11767/102399,1812.08213,,#bookchapter
"Bonomi M., Bussi G., Camilloni C., Tribello G. A., Banas P., Barducci A., Bernetti, Bolhuis P. G., Bottaro S., Branduardi D., Capelli R., Carloni P., Ceriotti M., Cesari A., Chen H., Chen W., Colizzi F., De S., De La Pierre M., Donadio D., Drobot V., Ensing B., Ferguson A. L., Filizola M., Fraser J. S., Fu H., Gasparotto P., Gervasio F. L., Giberti F., Gil-Ley A., Giorgino T., Heller G. T., Hocky G. M., Iannuzzi M., Invernizzi M., Jelfs K. E., Jussupow A., Kirilin E., Laio A., Limongelli V., Lindorff-Larsen K., Lohr T., Marinelli F., Martin-Samos L., Masetti M., Meyer R., Michaelides A., Molteni C., Morishita T., Nava M., Paissoni C., Papaleo E., Parrinello M., Pfaendtner J., Piaggi P., Piccini G. M., Pietropaolo A., Pietrucci F., Pipolo S., Provasi D., Quigley D., Raiteri P., Raniolo S., Rydzewski J., Salvalaglio M., Sosso G. C., Spiwok V., Sponer J., Swenson D. W. H., Tiwary P., Valsson O., Vendruscolo M., Voth G. A., White A.",Promoting transparency and reproducibility in enhanced molecular simulations,NATURE METHODS,16,670,2019,journal article,1548-7091,10.1038/s41592-019-0506-8,20.500.11767/100676,,,
"Franco, Cagiada, Bussi, Tiana",Statistical mechanical properties of sequence space determine the efficiency of the various algorithms to predict interaction energies and native contacts from protein coevolution,PHYSICAL BIOLOGY,16,046007,2019,journal article,1478-3967,10.1088/1478-3975/ab1c15,20.500.11767/95976,1902.01155,,
"Cesari, Bottaro, Lindorff-Larsen, Banáš, Šponer, Bussi",Fitting Corrections to an RNA Force Field Using Experimental Data,JOURNAL OF CHEMICAL THEORY AND COMPUTATION,15,3425,2019,journal article,1549-9618,10.1021/acs.jctc.9b00206,20.500.11767/95974,,,
"Kührová, Mlýnský, Zgarbová, Krepl, Bussi, Best, Otyepka, Šponer, Banáš",Improving the Performance of the Amber RNA Force Field by Tuning the Hydrogen-Bonding Interactions,JOURNAL OF CHEMICAL THEORY AND COMPUTATION,15,3288,2019,journal article,1549-9618,10.1021/acs.jctc.8b00955,20.500.11767/92640,,10.1101/410993,
"Pinamonti, Paul, Noe, Rodriguez, Bussi",The mechanism of RNA base fraying: Molecular dynamics simulations analyzed with core-set Markov state models,JOURNAL OF CHEMICAL PHYSICS,150,154123,2019,journal article,0021-9606,10.1063/1.5083227,20.500.11767/89934,1811.12144,,#erc2012
"Bottaro, Bussi, Pinamonti, Reiber, Boomsma, Lindorff-Larsen",Barnaba: software for analysis of nucleic acid structures and trajectories,RNA,25,219,2019,journal article,1355-8382,10.1261/rna.067678.118,20.500.11767/86543,,10.1101/345678,#erc2012
Cuturello,Covariance models for RNA structure prediction,PHD THESIS,,,2019,PhD thesis,,,20.500.11767/103809,,,
"Rangan, Bonomi, Heller, Cesari, Bussi, Vendruscolo",Determination of Structural Ensembles of Proteins: Restraining vs Reweighting,JOURNAL OF CHEMICAL THEORY AND COMPUTATION,14,6632,2018,journal article,1549-9618,10.1021/acs.jctc.8b00738,20.500.11767/86016,,,
"Hildebrand, Michaelis, Wurzler, Li, Hirst, Micsonai, Kardos, Gil-Ley, Bussi, Köppen, Piane, Ciacchi",Atomistic Details of Chymotrypsin Conformational Changes upon Adsorption on Silica,ACS BIOMATERIALS SCIENCE & ENGINEERING,4,4036,2018,journal article,2373-9878,10.1021/acsbiomaterials.8b00819,20.500.11767/86014,,,
"Bottaro, Bussi, Kennedy, Turner, Lindorff-Larsen",Conformational ensembles of RNA oligonucleotides from integrating NMR and molecular simulations,SCIENCE ADVANCES,4,eaar8521,2018,journal article,2375-2548,10.1126/sciadv.aar8521,20.500.11767/84994,,10.1101/230268,#erc2012
"Poblete, Bottaro, Bussi",Effects and limitations of a nucleobase-driven backmapping procedure for nucleic acids using steered molecular dynamics,BIOCHEMICAL AND BIOPHYSICAL RESEARCH COMMUNICATIONS,498,352,2018,journal article,0006-291X,10.1016/j.bbrc.2017.12.057,20.500.11767/68116,1709.08691,,#erc2012
"Poblete, Bottaro, Bussi",A nucleobase-centered coarse-grained representation for structure prediction of RNA motifs,NUCLEIC ACIDS RESEARCH,46,1674,2018,journal article,0305-1048,10.1093/nar/gkx1269,20.500.11767/68111,1711.00741,,#erc2012
"Sponer, Bussi, Krepl, Banas, Bottaro, Cunha, Gil-Ley, Pinamonti, Poblete, Jurečka, Walter, Otyepka",RNA structural dynamics as captured by molecular simulations: A comprehensive overview,CHEMICAL REVIEWS,118,4177,2018,review,0009-2665,10.1021/acs.chemrev.7b00427,20.500.11767/67900,,,#review #erc2012
"Podbevšek, Fasolo, Bon, Cimatti, Reißer, Carninci, Bussi, Zucchelli, Plavec, Gustincich",Structural determinants of the SINE B2 element embedded in the long non-coding RNA activator of translation AS Uchl1,SCIENTIFIC REPORTS,8,3189,2018,journal article,2045-2322,10.1038/s41598-017-14908-6,20.500.11767/67664,,,#erc2012
"Cesari, Reißer, Bussi",Using the maximum entropy principle to combine simulations and solution experiments,COMPUTATION,6,15,2018,review,2079-3197,10.3390/computation6010015,20.500.11767/65948,1801.05247,,#review
"Mlýnský, Bussi",Exploring RNA structure and dynamics through enhanced sampling simulations,CURRENT OPINION IN STRUCTURAL BIOLOGY,49,63,2018,review,0959-440X,10.1016/j.sbi.2018.01.004,20.500.11767/65204,1709.02342,,#review #erc2012
"Mlýnský, Bussi",Molecular Dynamics Simulations Reveal an Interplay between SHAPE Reagent Binding and RNA Flexibility,JOURNAL OF PHYSICAL CHEMISTRY LETTERS,9,313,2018,journal article,1948-7185,10.1021/acs.jpclett.7b02921,20.500.11767/63625,,,#erc2012
Cesari,Enforcing ensemble averages in molecular dynamics simulations using the Maximum Entropy principle,PHD THESIS,,,2018,PhD thesis,,,20.500.11767/84104,,,
"Islam, Stadlbauer, Gil-Ley, Pérez-Hernández, Haider, Neidle, Bussi, Banas, Otyepka, Sponer",Exploring the Dynamics of Propeller Loops in Human Telomeric DNA Quadruplexes Using Atomistic Simulations,JOURNAL OF CHEMICAL THEORY AND COMPUTATION,13,2458,2017,journal article,1549-9618,10.1021/acs.jctc.7b00226,20.500.11767/53697,,,#erc2012
"Mlýnský, Bussi",Understanding in-line probing experiments by modeling cleavage of nonreactive RNA nucleotides,RNA,23,712,2017,journal article,1355-8382,10.1261/rna.060442.116,20.500.11767/43707,1702.01072,,#erc2012
Andre Cunha,Dissecting Mg2+-RNA interactions using atomistic molecular dynamics,PHD THESIS,,,2017,PhD thesis,,,20.500.11767/59219,,,
"Bellucci, Bussi, Di Felice, Corni",Fibrillation-prone conformations of the amyloid-β-42 peptide at the gold/water interface,NANOSCALE,9,2279,2017,journal article,2040-3364,10.1039/C6NR06010B,20.500.11767/11943,,,
"Šponer, Bussi, Stadlbauer, Kührová, Banáš, Islam, Haider, Neidle, Otyepka",Folding of guanine quadruplex molecules–funnel-like mechanism or kinetic partitioning? An overview from MD simulation studies,BIOCHIMICA ET BIOPHYSICA ACTA-GENERAL SUBJECTS,1861,1246,2017,journal article,0304-4165,10.1016/j.bbagen.2016.12.008,20.500.11767/14883,1612.05882,,#erc2012
"Pinamonti, Zhao, Condon, Paul, Noè, Turner, Bussi",Predicting the Kinetics of RNA Oligonucleotides Using Markov State Models,JOURNAL OF CHEMICAL THEORY AND COMPUTATION,13,926,2017,journal article,1549-9618,10.1021/acs.jctc.6b00982,20.500.11767/17423,1612.07470,,#erc2012
"Cunha, Bussi",Unraveling Mg2+-RNA binding with atomistic molecular dynamics,RNA,23,628,2017,journal article,1355-8382,10.1261/rna.060079.116,20.500.11767/11944,1612.08550,,#erc2012
"Cesari, Gil-Ley, Bussi",Combining Simulations and Solution Experiments as a Paradigm for RNA Force Field Refinement,JOURNAL OF CHEMICAL THEORY AND COMPUTATION,12,6192,2016,journal article,1549-9618,10.1021/acs.jctc.6b00944,20.500.11767/17367,1611.06156,,#erc2012
"Kührová, Best, Bottaro, Bussi, Šponer, Otyepka, Banáš",Computer Folding of RNA Tetraloops: Identification of Key Force Field Deficiencies,JOURNAL OF CHEMICAL THEORY AND COMPUTATION,12,4534,2016,journal article,1549-9618,10.1021/acs.jctc.6b00300,20.500.11767/15904,1609.08276,,#erc2012
"Gil-Ley, Bottaro, Bussi",Empirical Corrections to the Amber RNA Force Field with Target Metadynamics,JOURNAL OF CHEMICAL THEORY AND COMPUTATION,12,2790,2016,journal article,1549-9618,10.1021/acs.jctc.6b00299,20.500.11767/11774,1605.00934,,#erc2012
Gil Ley,Enhanced sampling and force field corrections for RNA oligomers,PHD THESIS,,,2016,PhD thesis,,,20.500.11767/4628,,,
"Bottaro, Banáš, Šponer, Bussi",Free Energy Landscape of GAGA and UUCG RNA Tetraloops,JOURNAL OF PHYSICAL CHEMISTRY LETTERS,7,4032,2016,journal article,1948-7185,10.1021/acs.jpclett.6b01905,20.500.11767/15962,1609.07898,,#erc2012
"Bottaro, Gil-Ley, Bussi",RNA folding pathways in stop motion,NUCLEIC ACIDS RESEARCH,44,5883,2016,journal article,0305-1048,10.1093/nar/gkw239,20.500.11767/11768,1603.08952,,#erc2012
Pinamonti,Studying the dynamical properties of small RNA molecules with computational techniques,PHD THESIS,,,2016,PhD thesis,,,20.500.11767/4905,,,
"Ferrarotti, Bottaro, Pérez-Villa, Bussi",Accurate multiple time step in biased molecular simulations,JOURNAL OF CHEMICAL THEORY AND COMPUTATION,11,139,2015,journal article,1549-9618,10.1021/ct5007086,20.500.11767/11876,1412.3916,,#erc2012
"Pérez-Villa, Darvas, Bussi",ATP dependent NS3 helicase interaction with RNA: Insights from molecular simulations,NUCLEIC ACIDS RESEARCH,43,8725,2015,journal article,0305-1048,10.1093/nar/gkv872,20.500.11767/14395,1508.05199,,#erc2012 #iscrab2012b
"Pinamonti, Bottaro, Micheletti, Bussi",Elastic network models for RNA: A comparative assessment with molecular dynamics and SHAPE experiments,NUCLEIC ACIDS RESEARCH,43,7260,2015,journal article,0305-1048,10.1093/nar/gkv708,20.500.11767/12537,1506.09178,,#erc2012
"Gil-Ley, Bussi",Enhanced conformational sampling using replica exchange with collective-variable tempering,JOURNAL OF CHEMICAL THEORY AND COMPUTATION,11,1077,2015,journal article,1549-9618,10.1021/ct5009087,20.500.11767/16966,1502.02115,,#erc2012
"Bussi, Branduardi",Free-energy calculations with metadynamics: Theory and practice,"REVIEWS IN COMPUTATIONAL CHEMISTRY, VOL 28",28,1,2015,book chapter,,10.1002/9781118889886.ch1,20.500.11767/15176,,,#bookchapter
"Stadlbauer, Kührová, Banáš, Koča, Bussi, Trantírek, Otyepka, Šponer",Hairpins participating in folding of human telomeric sequence quadruplexes studied by standard and T-REMD simulations,NUCLEIC ACIDS RESEARCH,43,9626,2015,journal article,0305-1048,10.1093/nar/gkv994,20.500.11767/12540,1509.06511,,#erc2012
"Di Palma, Bottaro, Bussi",Kissing loop interaction in adenine riboswitch: Insights from umbrella sampling simulations,BMC BIOINFORMATICS,16,S6,2015,journal article,1471-2105,10.1186/1471-2105-16-S9-S6,20.500.11767/11874,1504.07392,,#erc2012 #iscrab2013
"Bottaro, Di Palma, Bussi",Towards de novo RNA 3D Structure Prediction,RNA & DISEASE,2,e544,2015,journal article,2375-2467,10.14800/rd.544,20.500.11767/12408,1502.05667,,#erc2012
Perez Villa,Translocation of NS3 from Hepatitis C Virus on RNA: Insights from Atomistic Molecular Simulations,PHD THESIS,,,2015,PhD thesis,,,20.500.11767/4862,,,
"Di Palma, Colizzi, Bussi",Using reweighted pulling simulations to characterize conformational changes in riboswitches,COMPUTATIONAL METHODS FOR UNDERSTANDING RIBOSWITCHES,553,139,2015,book chapter,,10.1016/bs.mie.2014.10.055,20.500.11767/15196,,,#bookchapter #erc2012 #iscrab2012a
"Jaafar, Pignedoli, Bussi, Aït-Mansour, Groening, Amaya, Hirao, Fasel, Ruffieux",Bowl inversion of surface-adsorbed sumanene,JOURNAL OF THE AMERICAN CHEMICAL SOCIETY,136,13666,2014,journal article,0002-7863,10.1021/ja504126z,20.500.11767/11873,,,
Di Palma,Conformational changes  in the adenine riboswitch,PHD THESIS,,,2014,PhD thesis,,,20.500.11767/3889,,,
"Abrams, Bussi","Enhanced sampling in molecular dynamics using metadynamics, replica-exchange, and temperature-acceleration",ENTROPY,16,163,2014,journal article,1099-4300,10.3390/e16010163,20.500.11767/15914,1401.0387,,#erc2012
Bussi,Hamiltonian replica exchange in GROMACS: A flexible implementation,MOLECULAR PHYSICS,112,379,2014,journal article,0026-8976,10.1080/00268976.2013.824126,20.500.11767/15840,1307.5144,,#erc2012 #iscrab2010
"Tribello, Bonomi, Branduardi, Camilloni, Bussi",PLUMED 2: New feathers for an old bird,COMPUTER PHYSICS COMMUNICATIONS,185,604,2014,journal article,0010-4655,10.1016/j.cpc.2013.09.018,20.500.11767/11534,1310.0980,,#firb2012 #erc2012
"Colizzi, Lamontagne, Lafontaine, Bussi","Probing riboswitch binding sites with molecular docking, focused libraries, and in-line probing assays",METHODS IN MOLECULAR BIOLOGY,1103,141,2014,book chapter,,10.1007/978-1-62703-730-3_11,20.500.11767/15102,,,#bookchapter #erc2012
"Bottaro, Di Palma, Bussi",The role of nucleobase interactions in RNA structure and dynamics,NUCLEIC ACIDS RESEARCH,42,13306,2014,journal article,0305-1048,10.1093/nar/gku972,20.500.11767/17373,1410.1271,,#erc2012
"Di Palma, Colizzi, Bussi",Ligand-induced stabilization of the aptamer terminal helix in the add adenine riboswitch,RNA,19,1517,2013,journal article,1355-8382,10.1261/rna.040493.113,20.500.11767/11521,1309.5717,,#erc2012 #iscrab2012a
"Do, Carloni, Varani, Bussi",RNA/peptide binding driven by electrostatics - Insight from bidirectional pulling simulations,JOURNAL OF CHEMICAL THEORY AND COMPUTATION,9,1720,2013,journal article,1549-9618,10.1021/ct3009914,20.500.11767/11373,1307.5565,,#erc2012 #iscraa2011
"Franco, Sgrignani, Bussi, Magistrato",Structural role of uracil DNA glycosylase for the recognition of uracil in DNA duplexes. Clues from atomistic simulations,JOURNAL OF CHEMICAL INFORMATION AND MODELING,53,1371,2013,journal article,1549-9596,10.1021/ci4001647,20.500.11767/11517,,,
"Ferretti, Mallia, Martin-Samos, Bussi, Ruini, Montanari, Harrison",Ab initio complex band structure of conjugated polymers: Effects of hydrid density functional theory and GW schemes,PHYSICAL REVIEW B,85,235105,2012,journal article,2469-9950,10.1103/PhysRevB.85.235105,20.500.11767/12390,1205.3282,,
Do,Investigating Peptide/RNA binding in Anti-HIV research by molecular simulations: electrostatic recognition and accelerated sampling,PHD THESIS,,,2012,PhD thesis,,,20.500.11767/4787,,,
"Branduardi, Bussi, Parrinello",Metadynamics with adaptive gaussians,JOURNAL OF CHEMICAL THEORY AND COMPUTATION,8,2247,2012,journal article,1549-9618,10.1021/ct3002464,20.500.11767/12023,1205.4300,,#firb2012
"Colizzi, Bussi",RNA unwinding from reweighted pulling simulations,JOURNAL OF THE AMERICAN CHEMICAL SOCIETY,134,5173,2012,journal article,0002-7863,10.1021/ja210531q,20.500.11767/16711,1203.5866,,#firb2012 #iscrab2011
"Yusuff, Babalola, Bussi, Raugei",Role of the subunit interactions in the conformational transitions in adult human hemoglobin: An explicit solvent molecular dynamics study,JOURNAL OF PHYSICAL CHEMISTRY B,116,11004,2012,journal article,1520-6106,10.1021/jp3022908,20.500.11767/15016,1207.6904,,
"Benedetti, Micheletti, Bussi, Sekatskii, Dietler",Nonkinetic modeling of the mechanical unfolding of multimodular proteins: Theory and experiments,BIOPHYSICAL JOURNAL,101,1504,2011,journal article,0006-3495,10.1016/j.bpj.2011.07.047,20.500.11767/13930,,,
"Raiteri, Gale, Bussi",Reactive force field simulation of proton diffusion in BaZrO3 using an empirical valence bond approach,JOURNAL OF PHYSICS-CONDENSED MATTER,23,334213,2011,journal article,0953-8984,10.1088/0953-8984/23/33/334213,20.500.11767/11900,1104.0773,,
"Martin-Samos, Bussi, Ruini, Molinari, Caldas",SiO2 in density functional theory and beyond,PHYSICA STATUS SOLIDI B-BASIC SOLID STATE PHYSICS,248,1061,2011,journal article,0370-1972,10.1002/pssb.201046283,20.500.11767/14634,,,
"Martin-Samos, Bussi, Ruini, Molinari, Caldas",Unraveling effects of disorder on the electronic structure of SiO2 from first principles,PHYSICAL REVIEW B,81,081202(R),2010,journal article,1098-0121,10.1103/PhysRevB.81.081202,20.500.11767/16167,,,
"Ceriotti, Bussi, Parrinello",Colored-noise thermostats àla Carte,JOURNAL OF CHEMICAL THEORY AND COMPUTATION,6,1170,2010,journal article,1549-9618,10.1021/ct900563s,20.500.11767/13481,1204.0822,,
"Ceriotti, Bussi, Parrinello",Langevin equation with colored noise for constant-temperature molecular dynamics simulations,PHYSICAL REVIEW LETTERS,102,020601,2009,journal article,0031-9007,10.1103/PhysRevLett.102.020601,20.500.11767/13087,0812.1168,,
Bussi,A simple asynchronous replica-exchange implementation,NUOVO CIMENTO DELLA SOCIETA ITALIANA DI FISICA C-COLLOQUIA ON PHYSICS,32,61,2009,journal article,1124-1896,10.1393/ncc/i2009-10369-8,20.500.11767/16458,0812.1633,,
"Mantz, Branduardi, Bussi, Parrinello",Ensemble of Transition State Structures for the Cis-Trans Isomerization of N-Methylacetamide,JOURNAL OF PHYSICAL CHEMISTRY B,113,12521,2009,journal article,1520-6106,10.1021/jp8106556,20.500.11767/16242,,,
"Bussi, Zykova-Timan, Parrinello",Isothermal-isobaric molecular dynamics using stochastic velocity rescaling,JOURNAL OF CHEMICAL PHYSICS,130,074101,2009,journal article,0021-9606,10.1063/1.3073889,20.500.11767/14744,0901.0779,,
"Ceriotti, Bussi, Parrinello",Nuclear quantum effects in solids using a colored-noise thermostat,PHYSICAL REVIEW LETTERS,103,030603,2009,journal article,0031-9007,10.1103/PhysRevLett.103.030603,20.500.11767/16057,0903.4551,,
"Bonomi, Branduardi, Bussi, Camilloni, Provasi, Raiteri, Donadio, Marinelli, Pietrucci, Broglia, Parrinello",PLUMED: A portable plugin for free-energy calculations with molecular dynamics,COMPUTER PHYSICS COMMUNICATIONS,180,1961,2009,journal article,0010-4655,10.1016/j.cpc.2009.05.011,20.500.11767/12498,0902.0874,,
"Martin-Samos, Bussi",SaX: An open source package for electronic-structure and optical-properties calculations in the GW approximation,COMPUTER PHYSICS COMMUNICATIONS,180,1416,2009,journal article,0010-4655,10.1016/j.cpc.2009.02.005,20.500.11767/16606,,,
"Melis, Bussi, Lummis, Molteni",Trans-cis switching mechanisms in proline analogues and their relevance for the gating of the 5-HT3 receptor,JOURNAL OF PHYSICAL CHEMISTRY B,113,12148,2009,journal article,1520-6106,10.1021/jp9046962,20.500.11767/12321,,,
"Micheletti, Bussi, Laio",Optimal Langevin modeling of out-of-equilibrium molecular dynamics simulations,JOURNAL OF CHEMICAL PHYSICS,129,074105,2008,journal article,0021-9606,10.1063/1.2969761,20.500.11767/12507,0805.3606,,
"Bussi, Parrinello",Stochastic thermostats: comparison of local and global schemes,COMPUTER PHYSICS COMMUNICATIONS,179,26,2008,journal article,0010-4655,10.1016/j.cpc.2008.01.006,20.500.11767/13948,0803.4397,,
"Raiteri, Bussi, Cucinotta, Credi, Stoddart, Parrinello",Unravelling the shuttling mechanism in a photoswitchable multicomponent bistable rotaxane,ANGEWANDTE CHEMIE-INTERNATIONAL EDITION,47,3536,2008,journal article,1433-7851,10.1002/anie.200705207,20.500.11767/14670,,,
"Barducci, Bussi, Parrinello",Well-tempered metadynamics: A smoothly converging and tunable free-energy method,PHYSICAL REVIEW LETTERS,100,020603,2008,journal article,0031-9007,10.1103/PhysRevLett.100.020603,20.500.11767/16783,0803.3861,,
"Bussi, Parrinello",Accurate sampling using Langevin dynamics,PHYSICAL REVIEW E,75,056707,2007,journal article,2470-0045,10.1103/PhysRevE.75.056707,20.500.11767/16816,0803.4083,,
"Bussi, Donadio, Parrinello",Canonical sampling through velocity rescaling,JOURNAL OF CHEMICAL PHYSICS,126,014101,2007,journal article,0021-9606,10.1063/1.2408420,20.500.11767/12943,0803.4060,,
"Ceriotti, Bussi, Parrinello",Conjugate gradient heat bath for ill-conditioned actions,PHYSICAL REVIEW E,76,026707,2007,journal article,1539-3755,10.1103/PhysRevE.76.026707,20.500.11767/17410,0803.4444,,
"Bussi, Laio, Parrinello",Equilibrium free energies from nonequilibrium metadynamics,PHYSICAL REVIEW LETTERS,96,090601,2006,journal article,0031-9007,10.1103/PhysRevLett.96.090601,20.500.11767/13652,0804.0175,,
"Bussi, Gervasio, Laio, Parrinello",Free-energy landscape for β hairpin folding from combined parallel tempering and metadynamics,JOURNAL OF THE AMERICAN CHEMICAL SOCIETY,128,13435,2006,journal article,0002-7863,10.1021/ja062463w,20.500.11767/15037,,,
"Bussi, Gervasio, Laio, Parrinello",Protein folding with combined parallel tempering and metadynamics,"High Performance Computing in Science and Engineering,",,587,2006,book chapter,,,20.500.11767/15218,,,#bookchapter
"Bussi, Chang, Ruini, Molinari",A symmetrized-basis approach to excitons in carbon nanotubes,"PHYSICS OF SEMICONDUCTORS, PTS A AND B",772,1025,2005,conference proceedings,,10.1063/1.1994460,20.500.11767/15206,,,#proceedings
"Hummer, Ambrosch-Draxl, Bussi, Ruini, Caldas, Molinari, Laskowski, Christensen",Ab-initio study of excitonic effects in conventional and organic semiconductors,PHYSICA STATUS SOLIDI B-BASIC SOLID STATE PHYSICS,242,1754,2005,journal article,0370-1972,10.1002/pssb.200461785,20.500.11767/16836,,,
"Chang, Bussi, Ruini, Molinari",First-principles approach for the calculation of optical properties of one-dimensional systems with helical symmetry: The case of carbon nanotubes,PHYSICAL REVIEW B,72,195423,2005,journal article,2469-9950,10.1103/PhysRevB.72.195423,20.500.11767/16615,,,
"Caldas, Bussi, Ruini, Molinari",Light-emitting polymers: A first-principles analysis of singlet-exciton harvesting in PPV,"PHYSICS OF SEMICONDUCTORS, PTS A AND B",772,1085,2005,conference proceedings,,10.1063/1.1994489,20.500.11767/15152,,,#proceedings
"Bussi, Menéndez, Ren, Canonico, Molinari",Quantum interferences in the Raman cross section for the radial breathing mode in metallic carbon nanotubes,PHYSICAL REVIEW B,71,041404(R),2005,journal article,2469-9950,10.1103/PhysRevB.71.041404,20.500.11767/14223,cond-mat/0408583,,
"Ferretti, Ruini, Bussi, Molinari, Caldas",Ab initio study of transport parameters in polymer crystals,PHYSICAL REVIEW B,69,205205,2004,journal article,2469-9950,10.1103/PhysRevB.69.205205,20.500.11767/16455,,,
Bussi,Effects of the electron-hole interaction on the optical properties of materials: The Bethe-Salpeter equation,PHYSICA SCRIPTA,2004,141,2004,journal article,0031-8949,10.1238/Physica.Topical.109a00141,20.500.11767/17032,,,
"Chang, Bussi, Ruini, Molinari",Excitons in carbon nanotubes: An ab initia symmetry-based approach,PHYSICAL REVIEW LETTERS,92,196401,2004,journal article,0031-9007,10.1103/PhysRevLett.92.196401,20.500.11767/11906,cond-mat/0405185,,
"Ruini, Ferretti, Bussi, Molinari, Caldas",Relationship between structural and optoelectronic properties in semiconducting polymers,SEMICONDUCTOR SCIENCE AND TECHNOLOGY,19,S362,2004,journal article,0268-1242,10.1088/0268-1242/19/4/119,20.500.11767/11903,,,
"Ruini, Bussi, Ferretti, Caldas, Molinari",Charge transport and radiative recombination in polythiophene crystals: A first-principles study,SYNTHETIC METALS,139,755,2003,journal article,0379-6779,10.1016/S0379-6779(03)00319-9,20.500.11767/16405,,,
"Bussi, Ferretti, Ruini, Caldas, Molinari",Optics and transport in conjugated polymer crystals: Interchain interaction effects,ADVANCES IN SOLID STATE PHYSICS 43,43,313,2003,book chapter,,10.1007/978-3-540-44838-9_22,20.500.11767/15177,,,#bookchapter
"Ruini, Caldas, Bussi, Molinari",Solid state effects on exciton states and optical properties of PPV,PHYSICAL REVIEW LETTERS,88,206403,2002,journal article,0031-9007,10.1103/PhysRevLett.88.206403,20.500.11767/13627,cond-mat/0203471,,
"Bussi, Ruini, Molinari, Caldas, Puschnig, Ambrosch-Draxl",Interchain interaction and Davydov splitting in polythiophene crystals: An ab initio approach,APPLIED PHYSICS LETTERS,80,4118,2002,journal article,0003-6951,10.1063/1.1483905,20.500.11767/17436,,,
"Ruini, Caldas, Bussi, Ferretti, Silva, Goldoni, Molinari",Optical properties of organic materials: from single molecules to solid state,Radiation-Matter interaction in confined systems,,155,2002,book chapter,,,20.500.11767/15080,,,#bookchapter
